{
  "model": "XGBoost_tuned",
  "xgboost_params": {
    "n_estimators": 400,
    "learning_rate": 0.23674099906625515,
    "max_depth": 6,
    "min_child_weight": 8,
    "subsample": 0.7839766080184774,
    "colsample_bytree": 0.9147372839079194,
    "reg_alpha": 1.0108552081832727,
    "reg_lambda": 0.008977401521189546
  }
}